aggregated_crossings_id,barrier_id,internal_name,crossing_source,crossing_feature_type,crossing_type_code,barrier_status,transport_line_structured_name_1,rail_track_name,blue_line_key,watercourse_name,road_name,structure_type,structure_owner,private_owner_details,structure_list_status,assessment_type_completed,reason_for_exclusion,method_of_exclusion,partial_passability,partial_passability_notes,upstream_habitat_quality,constructability,estimated_cost_$,priority,type_of_rehabilitation,rehabilitated_by,rehabilitated_date,estimated_rehabilitation_cost_$,actual_project_cost_$,next_steps,timeline_for_next_steps,lead_for_next_steps,others_involved_in_next_steps,reason,notes,supporting_links,modelled_crossing_id,pscis_status,crossing_subtype_code,pscis_road_name,pscis_stream_name,pscis_assessment_comment,pscis_assessment_date,dam_name,dam_height,dam_owner,dam_use,dam_operating_status,utm_zone,utm_easting,utm_northing,downstream_route_measure,watershed_group_code,gnis_stream_name,barriers_anthropogenic_dnstr,barriers_anthropogenic_dnstr_count,barriers_anthropogenic_habitat_wcrp_upstr,barriers_anthropogenic_habitat_wcrp_upstr_count,barriers_ch_cm_co_pk_sk_dnstr,barriers_st_dnstr,barriers_wct_dnstr,all_spawningrearing_km,all_spawningrearing_belowupstrbarriers_km,all_spawning_km,all_spawning_belowupstrbarriers_km,all_rearing_km,all_rearing_belowupstrbarriers_km,all_spawningrearing_set_id,all_spawningrearing_total_hab_gain_set,all_spawningrearing_num_barriers_set,all_spawningrearing_avg_gain_per_barrier,all_spawningrearing_dnstr_set_ids,all_spawningrearing_rank_avg_gain_per_barrier,all_spawningrearing_rank_avg_gain_tiered,all_spawningrearing_rank_total_upstr_hab,all_spawningrearing_rank_combined,all_spawningrearing_tier_combined,all_spawning_set_id,all_spawning_total_hab_gain_set,all_spawning_num_barriers_set,all_spawning_avg_gain_per_barrier,all_spawning_dnstr_set_ids,all_spawning_rank_avg_gain_per_barrier,all_spawning_rank_avg_gain_tiered,all_spawning_rank_total_upstr_hab,all_spawning_rank_combined,all_spawning_tier_combined,all_rearing_set_id,all_rearing_total_hab_gain_set,all_rearing_num_barriers_set,all_rearing_avg_gain_per_barrier,all_rearing_dnstr_set_ids,all_rearing_rank_avg_gain_per_barrier,all_rearing_rank_avg_gain_tiered,all_rearing_rank_total_upstr_hab,all_rearing_rank_combined,all_rearing_tier_combined,label_in_wcrp,,,
,,,,,,,,,,,,,,,,,,,,,,,,,,,,,,,,,,,,,,,,,,,,,,,,,,,,,,,,,,,,,,,,,,,,,,,,,,,,,,,,,,,,,,,,,,,,,,,,,,,0,0,0
1011304238,1011304238,Skuhun Creek @ Mouth (11304238),MODELLED CROSSINGS,TRAIL,OBS,PASSABLE,Nicola Kamloops and Similkameen Rail Trail,,356352213,Skuhun Creek,Mouth,Stream crossing - CBS,,,Rehabilitated barrier,Rehabilitated,,,,,,,,,Removal/decommissioned,,,,,Post-rehabilitation monitoring,10/31/2025,TBD,"Shackan, STC, Nooaitch, LNIB",Important steelhead stream,Mouth reconfigured to remove drop,,11304238,,,,,,,,,,,,10,629368,5572538,68.18651807,LNIC,Skuhun Creek,,0,197681;197689;6ac0dab8-0785-4e46-ac24-c99d538b05bf,3,,,,13.43,13.43,3.14,3.14,13.43,13.43,12712,26.19,2,13.095,,1,2,1,1,A,7382,5.61,2,2.805,,1,2,1,1,A,3282,26.19,2,13.095,,1,2,1,1,A,yes,1,13.095,13.43
197889,197889,Skuhun Creek @ Hwy 8 (197889),PSCIS,"ROAD, DEMOGRAPHIC",CBS,PASSABLE,Potatosillihee Bridge,,356352213,Skuhun Creek,Highway 8,Stream crossing - CBS,MOTI,,Rehabilitated barrier,Barrier assessment,,,,,High,Moderate,350000,High,Retrofit,MOTI,7/31/2024,,,Post-rehabilitation monitoring,10/31/2025,TBD,"Shackan, STC, Nooaitch, LNIB",Important steelhead stream,Clearspan bridge with concrete apron became perched. Stream bottom built back up through crossing and backwatered.,,24713603,ASSESSED,CRTBOX,Highway 8,Skuhun Creek,Crossing is actually a bridge with concrete apron that functions like a box culvert. No adult Coho observed upstream or downstream. Abundant rainbow trout fry.,10/27/2021,,,,,,10,629969,5572716,740,LNIC,Skuhun Creek,,0,197681;197689;6ac0dab8-0785-4e46-ac24-c99d538b05bf,3,,,,12.76,12.76,2.47,2.47,12.76,12.76,12712,26.19,2,13.095,,1,2,1,1,A,7382,5.61,2,2.805,,1,2,1,1,A,3282,26.19,2,13.095,,1,2,1,1,A,yes,2,26.19,26.19
197681,197681,Chataway @ Skuhun-Pimanus FSR (197681),PSCIS,"ROAD, RESOURCE/OTHER",CBS,BARRIER,,,356334818,Chataway Creek,Skuhun-Pimanus FSR,Stream crossing - CBS,,,Non-actionable barrier,Barrier assessment,,,,,Low,,,,,,,,,Non-actionable,,,,Some rearing habitat values upstream but intermittent stream with low priority from a watershed context.,,,11304582,ASSESSED,OVAL,Chataway FSR,Chataway C. 120-246600-11500-58990,"Stream is dewatered. - 1.5m from culvert inlet 0.5m high x 1m long cascade will create access problems when watered. Weir notch is 1m above concrete base. Lip of concrete base is 0.75m above stream bed. Lower base of trapezoid = 2.3m, length = 1.3m, longer trapezoid base = 4.8m. Stream is dewatered downstream of weir to confluence with tributary 58900-2570 downstream (550m). Spawning habitat - none. Overwintering habitat - none. Rearing habitat - fair - stream is stablized by boulders but negatively affected by low flows/dewatering. No suitable spawning habitat for anadromous fish was observed upstream of the confluence with Skuhun C. and the stream supports only a resident rainbow trout.",9/16/2024,,,,,,10,647668,5577400,3698,LNIC,Chataway Creek,,0,197689;6ac0dab8-0785-4e46-ac24-c99d538b05bf,2,,,,5.33,0.08,0,0,5.33,0.08,11482,5.15,2,2.575,,3,4,2,2,A,14762,0,3,0,,,,,,,12302,5.15,2,2.575,,3,4,2,2,A,yes,3,28.765,26.27
6ac0dab8-0785-4e46-ac24-c99d538b05bf,6ac0dab8-0785-4e46-ac24-c99d538b05bf,Chataway weir,CABD,DAM,OTHER,BARRIER,,,356334818,Chataway Creek,n/a,Dam,,,Data-deficient barrier,Barrier assessment,,,,,,,,,,,,,,Bring barrier to regulator,,,,Weir blocks fish passage. Does not apepar to be licensed through Ministry. Send to regulator to determine legality of structure.,,,,,DAM,,,,,,1.55,,Unknown,Active,10,647635,5577468,3775.656599,LNIC,Chataway Creek,197681,1,197689,1,,,,5.25,5.07,0,0,5.25,5.07,11482,5.15,2,2.575,,3,4,2,2,A,14762,0,3,0,,,,,,,12302,5.15,2,2.575,,3,4,2,2,A,yes,4,31.34,31.34
196969,196969,Murray Lake Creek (196969),PSCIS,"ROAD, RESOURCE/OTHER",CBS,PASSABLE,,,356316233,Murray Lake Creek,Maka-Murray/Maka-Michael JCT,Stream crossing - CBS,FLNRO,,Rehabilitated barrier,Rehabilitated,,,,,,Easy,150000,High,Replacement - OBS,FLNRO,8/31/2024,,,Post-rehabilitation monitoring,10/31/2025,CWF,"Nooaitch, LNIB",Active Coho spawning and rearing stream,Culvert and road are a significant sediment source to stream,,11304548,ASSESSED,ROUND,Michael FSR,Murrary Lake C. 120-246600-5300-5100,"Complete CV assessment done in year 2017/09/14. Culvert complety destroyed, no measurments done. CO presence confirmed above and below crossing. CO sparse upstream of crossing between wetlands. 1st wetland has an excellent overwintering and rearing habitats. Cover composed of DP/ISV, OSV/CB, SWD. Streambed gravelly with combination of good cover stream provides ideal rearing habitat for CO.",6/25/2023,,,,,,10,641883,5520345,415,LNIC,,,0,196968,1,,,,3.07,3.07,0,0,3.07,3.07,10252,3.07,1,3.07,,2,3,4,3,A,9432,0,1,0,,,,,,,5742,3.07,1,3.07,,2,3,4,3,A,yes,5,34.41,34.41
197882,197882,Stumbles Creek @ private  (11304215),PSCIS,"ROAD, RESOURCE/OTHER",CBS,BARRIER,,,356276550,Stumbles Creek,Unnamed,Stream crossing - CBS,Private,Jacob Aarts,Priority barrier,Detailed habitat investigation,,,Yes,Proportion of individuals,High,Easy,150000,Medium,,,,,,Engage with barrier owner,4/1/2025,LNIB,"DFO, STC, CWF","Important migratory corridor for Coho. Fully passable to adults, passable to juveniles at low flows and 50% at higher fllows.",Major habitat restoration potential at this site. ,http://a100.gov.bc.ca/pub/pscismap/imageViewer.do?assessmentId=200141,,ASSESSED,OVAL,unnamed,Stumbles C. 120-24600-28500,"Complete CV assessment done in year 2021/11/03. Calculated water velocity at low flows if the culvert is passable to juvenile fish. Coho and rainbow trout captured above the culvert,passable to fish at low flows. Water velocity calculated at 0.26 m/s.",6/23/2023,,,,,,10,650794,5557197,1794,LNIC,Stumbles Creek,,0,1011304112;1011304287;197884;203637;203639;203641;203642,7,,,,4.49,0.46,2.08,0.47,4.49,0.46,11892,2.69,2,1.345,,5,6,3,4,A,11072,2.08,2,1.04,,4,5,3,3,A,14762,2.69,2,1.345,,5,6,3,4,A,yes,6,35.755,34.87
197884,197884,Stumbles @ Hwy 8 (11300751),PSCIS,"ROAD, DEMOGRAPHIC",CBS,BARRIER,Merritt-Spences Bridge Hwy 8,,356276550,Stumbles creek,Highway 8,Stream crossing - CBS,MOTI,,Priority barrier,Detailed habitat investigation,,,Yes,Proportion of individuals,High,Moderate,650000,Medium,,,,,,Engage with barrier owner,2/28/2025,LNIB,"STC, CWF",Important migratory corridor for Coho,Passable to adult fish at all flows. No outlet pool and 0.11 m drop onto rocks likely an impediment to both juveniles and adults. The calculated water velocity is 0.07 m/s. CO fry captured. Water is diverted upstream of Hwy 8 for irrigation purposes during the growing season and regulated by a manual irrigation gate. Most water was diverted during the assessment. Mr. Miller observed CO spawning upstream of Hwy 8 after the gate was opened in the fall.,http://a100.gov.bc.ca/pub/pscismap/imageViewer.do?assessmentId=200143,11300751,ASSESSED,ROUND,HWY 8,Stumbles C. 120-24600-28500,Complete CV assessment done in year 2021/11/03. Water barely flows through CV - water velocity not calculated. Culvert is impassable due to diversion of flow for irrigation purposes. Irrigation gate is located ~150 m upstream. Water drops on rocks at the outlet. In fall the irrigation gate is closed and flow is good. for coho to pass to upper reaches and spawn. CO fry captured upstream.,6/24/2023,,,,,,10,650969,5557584,2262,LNIC,Stumbles Creek,197882,1,1011304112;1011304287;203637;203639;203641;203642,6,,,,4.03,2.23,1.61,1.61,4.03,2.23,11892,2.69,2,1.345,,5,6,3,4,A,11072,2.08,2,1.04,,4,5,3,3,A,14762,2.69,2,1.345,,5,6,3,4,A,yes,7,37.1,37.1
197013,197013,Midday Cr @ Patchett Rd (197013),PSCIS,"ROAD, DEMOGRAPHIC",CBS,POTENTIAL,900th St,,356341782,Midday Creek,Patchett Road,Stream crossing - CBS,Private,,Data-deficient barrier,Barrier assessment,,,,,Low,,,,,,,,,Habitat confirmation (data deficient structures only),,,,Dry at time of assessment but could be movement corridor for steelhead spawning upstream,Determine steelhead spawning potential,http://a100.gov.bc.ca/pub/pscismap/imageViewer.do?assessmentId=205273,11300356,ASSESSED,ROUND,Patchett Road,Midday Creek,"Stream is dry, extensive beaver activities throughout of assessed length. Seasonal stream, potentially used as migratory corridor to u/s reaches for ST if spawning habitat exists. The corridor is negatively affected by beaver dams. Existence of spawning habitat should be evaluated - access not granted in 2024. The stream is mismapped by TRIM, it was GPS'd on Oct 10, 2024 from the crossing to the mouth. ~500m section of channel from the mouth is overgrown by perennial plants (grassess and sedges) and is used by cattle as a trail. No alluvium was observed. The stream is flooded only during freshet and may remain watered for ~2 months; however it is likely passable to ST up to the end of Reach 1. Unknown if spawning habitat for ST is present beyond the crossing. The stream may also be used as a refuge or rearing habitat for CO and CH when watered, but is unusable for overwintering. Overall the stream in R1 does not contain preferable habitat for ST or RB.",9/30/2024,,,,,,10,648231,5538855,197,LNIC,Midday Creek,,0,,,,,,2.33,2.33,2.33,2.33,2.33,2.33,10662,2.33,1,2.33,,4,5,5,5,A,9842,2.33,1,2.33,,2,3,2,2,A,12712,2.33,1,2.33,,4,5,5,5,A,yes,8,39.43,39.43
203627,203627,Mine Creek at Highway 5 (203627),PSCIS,"ROAD, DEMOGRAPHIC",CBS,BARRIER,Mine Creek Rd Onramp,,356279166,Mine Creek,Highway 5,Stream crossing - CBS,,,Non-actionable barrier,Barrier assessment,,,,,Low,,,,,,,,,Non-actionable,,,,Appears to have had historic habitat value but not capable of supporting fish in its current state. Consider revisiting following habitat restoration or ecosystem recovery from wildfires.,,,11300057,ASSESSED,OVAL,Highway 5,Mine Creek,"One channel width taken due to anthropomorphic restrictions of channel (rip rap). D95=D=33cm. Spawning habitat - none. Overwintering habitat - none. Seasonal stream. Rearing habitat - stream unstable/prone to erosion; does not provide stable rearing habitat for fish, potentially used in low flows only.",9/19/2024,,,,,,10,643304,5505392,244,LNIC,Mine Creek,,0,196942,1,,,,1.51,0.08,0.14,0.09,1.51,0.08,13122,1.51,2,0.755,,7,8,7,6,A,8202,0.09,1,0.09,,8,10,8,8,A,15582,1.51,2,0.755,,7,8,7,7,A,yes,9,40.185,39.51
196942,196942,Mine Creek @ Mine Creek Road (196942),PSCIS,"ROAD, DEMOGRAPHIC",CBS,BARRIER,Mine Creek Rd,,356279166,Mine Creek,Mine Creek Road,Stream crossing - CBS,,,Non-actionable barrier,Barrier assessment,,,,,Low,,,,,,,,,Non-actionable,,,,Appears to have had historic habitat value but not capable of supporting fish in its current state. Consider revisiting following habitat restoration or ecosystem recovery from wildfires.,203626 is a duplicate PSCIS point for this crossing.,,11300383,ASSESSED,OVAL,Mine Creek Road,Mine Creek,"Dry streambed, B an estimate, also hwy culvert d/s",9/11/2017,,,,,,10,643223,5505393,325,LNIC,Mine Creek,203627,1,,,,,,1.43,1.43,0.05,0.05,1.43,1.43,13122,1.51,2,0.755,,7,8,7,6,A,8203,0.05,1,0.05,"[ ""8202"" ]",10,26,11,15,B,15582,1.51,2,0.755,,7,8,7,7,A,yes,10,40.94,40.94
36b0bcda-4671-45ff-8dea-d1fc8abe3a8d,36b0bcda-4671-45ff-8dea-d1fc8abe3a8d,Clapperton Dam,CABD,DAM,OTHER,PASSABLE,,,356362373,Clapperton Creek,n/a,Dam,Orphaned,Located on LNIB Zoht Reserve,Rehabilitated barrier,Rehabilitated,,,Yes,Proportion of individuals,High,Easy,350000,High,Removal/decommissioned,CWF & LNIB,8/1/2024,221000,332000,Post-rehabilitation monitoring,6/30/2025,LNIB,CWF,Partial barrier to fish passage was removed and replaced with two rock steps,"Important steelhead, Chinook, Coho stream",,,,DAM,,,,,Clapperton Dam,0.5,,Irrigation,Decommissioned/ Removed,10,666303,5560768,1661.530575,LNIC,Clapperton Creek,,0,,,,,,1.3,1.3,1.3,1.3,1.3,1.3,16402,1.3,1,1.3,,6,7,8,7,A,13532,1.3,1,1.3,,3,4,4,4,A,7792,1.3,1,1.3,,6,7,8,6,A,yes,11,42.24,42.24
1011302589,1011302589,Moore Cr @ Private (11302589),MODELLED CROSSINGS,"ROAD, RESOURCE/OTHER",CBS,POTENTIAL,,,356358180,,,,,,,,,,,,,,,,,,,,,,,,,,,,11302589,,,,,,,,,,,,10,682086,5581841,15468.87862,LNIC,Moore Creek,,0,,,,,,0.44,0.44,0,0,0.44,0.44,2462,0.44,1,0.44,,8,12,11,8,A,3692,0,1,0,,,,,,,8612,0.44,1,0.44,,8,12,11,8,A,yes,12,42.68,42.68
203630,203630,Bottletop Creek @ Hwy 5 (203630),PSCIS,"ROAD, DEMOGRAPHIC",CBS,BARRIER,Hwy 5,,356325656,Bottletop Creek,Highway 5,Stream crossing - CBS,,,Non-actionable barrier,Barrier assessment,,,,,Low,,,,,,,,,Non-actionable,,,,"Poor quality habitat, flows go subsurface through old quarry rockslide ~500 m upstream from highway. Further impacts from wildfire. Consider revisiting following habitat restoration or recovery.",,,11300395,ASSESSED,ROUND,Highway 5,Bottletop Creek,"At UTM 10.643347.5513250 stream splits, 1/3 of flow flows North. D=20cm D95=25cm; culvert length taken from GPS'd Outlet and Inlet. Culvert slope taken with clinometer due to Highway 5 traffic. Overwintering habitat does not exist - no suitable pools, seasonal stream; dewatered downstream; severe dewatering occurs in entirety of reach 1 which may be usable for just a few weeks, indicated by cracked soil in channel bed. Rearing habitat value is low; possibly usable in reach 1 for just a few weeks. Reach 1 does not contain suitable instream cover, indicated by D=20cm and complate lack of deep pools and functional large woody debries. In Reach 2 Rearing habitat was good only in 50m section at start of reach (pools, small woody debris, and overhanging vegetation). Spawning habitat - none; seasonal flows in Reach 1, mixed gravel/cobble, compacted channel bed. In reach 2, gradient is too steep. Rises from 4% to 10% within first 100m.",9/20/2024,,,,,,10,643324,5513260,154,LNIC,Bottletop Creek,,0,196966,1,,,,0.49,0.08,0,0,0.49,0.08,9432,0.49,2,0.245,,12,14,10,9,A,12712,0,2,0,,,,,,,9842,0.49,2,0.245,,11,13,10,9,A,yes,13,42.925,42.76
196966,196966,Bottletop Creek @ Juliet Dr (196966),PSCIS,"ROAD, DEMOGRAPHIC",CBS,BARRIER,Juliet Dr,,356325656,Bottletop Creek,Juliet Drive,Stream crossing - CBS,,,Non-actionable barrier,,,,,,Low,,,,,,,,,Non-actionable,,,,"Poor quality habitat, flows go subsurface through old quarry rockslide ~500 m upstream from highway. Further impacts from wildfire. Consider revisiting following habitat restoration or recovery.","Wildlife fence across upstream of culvert,trapping debris. First culvert upstream of Coq Hwy",,11300830,ASSESSED,ROUND,Secondary rd off Coq,Bottletop Creek,"Wildlife fence across upstream of culvert,trapping debris. First culvert upstream of Coq Hwy",9/14/2017,,,,,,10,643261,5513308,233,LNIC,Bottletop Creek,203630,1,,,,,,0.41,0.41,0,0,0.41,0.41,9432,0.49,2,0.245,,12,14,10,9,A,12712,0,2,0,,,,,,,9842,0.49,2,0.245,,11,13,10,9,A,yes,14,43.17,43.17
203634,203634,Shackan Creek @ unnamed rd (203634),PSCIS,"ROAD, RESOURCE/OTHER",CBS,BARRIER,,,356340139,Shackan Creek,Unnamed,Stream crossing - CBS,,,Data-deficient barrier,Barrier assessment,,,Yes,Proportion of time,High,Moderate,,,,,,,,In-depth passage assessment (data deficient structures only),,,,Habitat most valuable during freshet. Assess velocity/passability during freshet.,,,11303636,ASSESSED,OVAL,unknown,Skackan Creek,"D=25cm D95=50cm; stream severly effected by 2021 flood - signs of flows 2m above channel. No spawning or overwintering habitat observed within 200m of surveyed length. Rearing habitat - good, diverse cover composed of pools, boulders, large woody debris, and small woody debris; fry and juvenille fish very common.",9/24/2024,,,,,,10,629880,5572008,277,LNIC,Shakan Creek,,0,,,,,,0.25,0.25,0.25,0.25,0.08,0.08,14352,0.25,1,0.25,,11,13,12,10,A,13122,0.25,1,0.25,,5,7,5,5,A,13532,0.08,1,0.08,,13,14,15,12,B,yes,15,43.42,43.42
1011301294,1011301294,Trib 2 to Coldwater R @ unnamed (11301294),MODELLED CROSSINGS,"ROAD, RESOURCE/OTHER",CBS,POTENTIAL,,,356137299,,,,,,,,,,,,,,,,,,,,,,,,,,,,11301294,,,,,,,,,,,,10,656865,5548390,123.9774455,LNIC,,,0,1011301293,1,2.04969E+13,,,0.23,0.09,0.23,0.09,0,0,5332,0.23,2,0.115,,15,16,13,11,B,1232,0.23,2,0.115,,7,9,6,6,A,10252,0,2,0,,,,,,,yes,16,43.535,43.51
1011301293,1011301293,Trib 2 to Coldwater R @ unnamed (11301293),MODELLED CROSSINGS,"ROAD, RESOURCE/OTHER",CBS,POTENTIAL,,,356137299,,,,,,,,,,,,,,,,,,,,,,,,,,,,11301293,,,,,,,,,,,,10,656940,5548347,210.9678847,LNIC,,1011301294,1,,,2.04969E+13,2.04969E+13,,0.14,0.14,0.14,0.14,0,0,5332,0.23,2,0.115,,15,16,13,11,B,1232,0.23,2,0.115,,7,9,6,6,A,10252,0,2,0,,,,,,,yes,17,43.65,43.65
1011306530,1011306530,Skuagam Cr @ KVR (11306530),MODELLED CROSSINGS,TRAIL,CBS,POTENTIAL,Nicola Kamloops and Similkameen Rail Trail,,356298317,,,,,,,,,,,,,,,,,,,,,,,,,,,,11306530,,,,,,,,,,,,10,652722,5543653,49.86725982,LNIC,Skuagam Creek,,0,,,,,,0.21,0.21,0.21,0.21,0,0,8612,0.21,1,0.21,,13,15,14,12,B,7792,0.21,1,0.21,,6,8,7,7,A,8202,0,1,0,,,,,,,yes,18,43.86,43.86
203629,203629,Trib 1 to Coldwater (203629),PSCIS,"ROAD, RESOURCE/OTHER",OTHER,POTENTIAL,,,356330403,Trib to Coldwater,Kettle Valley Railway,Other,,,Data-deficient barrier,Barrier assessment,,,,,,,,,,,,,,In-depth habitat investigation (data deficient structures only),,,,No crossing structure found but likely should have one. ,Recommend installing a data logger to better understand rearing habitat values of wetland upstream of KVR during freshet,,11302252,ASSESSED,FORD,Old KVR,Trib to Coldwater River,No crossing found in 50m radius from crossing location (mapped). Noted stream diversion at upper crossings; crossing 1011302223 is inacessible.,9/19/2024,,,,,,10,643529,5503868,117,LNIC,,,0,1011300510;1011302223,2,,,,0.19,0,0,0,0.19,0,4512,0.19,3,0.063333333,,18,19,15,13,B,6562,0,3,0,,,,,,,4512,0.19,3,0.063333333,,15,16,12,10,A,yes,19,43.92333333,43.86
1011302223,1011302223,Trib 1 to Coldwater R @ private (11302223),MODELLED CROSSINGS,"ROAD, RESOURCE/OTHER",CBS,POTENTIAL,,,356330403,,,,,,,,,,,,,,,,,,,,,,,,,,,,11302223,,,,,,,,,,,,10,643512,5503386,628.5280271,LNIC,,203629,1,1011300510,1,,,,0.19,0,0,0,0.19,0,4512,0.19,3,0.063333333,,18,19,15,13,B,6562,0,3,0,,,,,,,4512,0.19,3,0.063333333,,15,16,12,10,A,yes,20,43.98666667,43.86
1011300510,1011300510,Trib 1 to Coldwater R @ Hwy 5 (11300510),MODELLED CROSSINGS,"ROAD, DEMOGRAPHIC",CBS,POTENTIAL,Hwy 5,,356330403,,,,,,,,,,,,,,,,,,,,,,,,,,,,11300510,,,,,,,,,,,,10,643385,5503247,846.0279665,LNIC,,1011302223;203629,2,,,,,,0.19,0.19,0,0,0.19,0.19,4512,0.19,3,0.063333333,,18,19,15,13,B,6562,0,3,0,,,,,,,4512,0.19,3,0.063333333,,15,16,12,10,A,yes,21,44.05,44.05
1011300296,1011300296,Trib 3 to Coldwater R @ Coldwater Rd (11300296),MODELLED CROSSINGS,"ROAD, DEMOGRAPHIC",CBS,POTENTIAL,Coldwater Rd S,,356331554,,,,,,,,,,,,,,,,,,,,,,,,,,,,11300296,,,,,,,,,,,,10,650634,5527412,241.6921773,LNIC,,,0,1011304160,1,,,,0.13,0.06,0,0,0.13,0.06,7792,0.13,2,0.065,,17,18,17,14,B,6972,0,2,0,,,,,,,4102,0.13,2,0.065,,14,15,14,11,B,yes,22,44.115,44.11
1011304160,1011304160,Trib 3 to Coldwater R @ KVR (11304160),MODELLED CROSSINGS,TRAIL,CBS,POTENTIAL,Nicola Kamloops and Similkameen Rail Trail,,356331554,,,,,,,,,,,,,,,,,,,,,,,,,,,,11304160,,,,,,,,,,,,10,650668,5527354,309.1581162,LNIC,,1011300296,1,,,,,,0.07,0.07,0,0,0.07,0.07,7792,0.13,2,0.065,,17,18,17,14,B,6972,0,2,0,,,,,,,4102,0.13,2,0.065,,14,15,14,11,B,yes,23,44.18,44.18
1011301292,1011301292,Trib 4 to Coldwater R @ unnamed (11301292),MODELLED CROSSINGS,"ROAD, RESOURCE/OTHER",CBS,POTENTIAL,,,356265025,,,,,,,,,,,,,,,,,,,,,,,,,,,,11301292,,,,,,,,,,,,10,656870,5548447,96.86657537,LNIC,,,0,,,2.17742E+13,,,0.07,0.07,0.07,0.07,0,0,4922,0.07,1,0.07,,16,17,19,15,B,5742,0.07,1,0.07,,9,11,10,9,A,1642,0,1,0,,,,,,,yes,24,44.25,44.25
203639,203639,Stumbles Creek @ Unnamed (203639),PSCIS,"ROAD, RESOURCE/OTHER",CBS,BARRIER,,,356276550,Stumbles Creek,Unnamed,Stream crossing - CBS,,,Data-deficient barrier,Barrier assessment,,,,,High,Easy,,,,,,,,In-depth habitat investigation (data deficient structures only),,,,More studies required to understand salmon use and key habitat values.,Abandoned road. Relatively easy to remove crossing with landowner permission. Aquifer provides high quality rearing and overwintering habitat. RB only - upstream of beaver dam.,http://a100.gov.bc.ca/pub/pscismap/imageViewer.do?assessmentId=205312,,ASSESSED,ROUND,Abandoned,Stumbles Creek,"Spawning habitat - cobbles and gravel patches alternating with long stretches of fines, not good for spawning. Overwintering habitat - relatively stable due to aquifer fed water - ensuring stable temps through winter. Rearing habitat - good - abundant but not diverse cover, composed of undercut banks, overstream and instream vegetation; stream has very good shading - crown closure ~70%. CO not present above beaver dam, RB abundant in this reach.",9/27/2024,,,,,,10,651443,5559376,4486,LNIC,Stumbles Creek,197884;197882,2,1011304112;1011304287;203637;203641;203642,5,,,,1.8,0.08,0,0,1.8,0.08,11893,0.82,2,0.41,"[ ""11892"" ]",9,33,6,16,B,11073,0,5,0,"[ ""11072"" ]",,,,,,14763,0.82,2,0.41,"[ ""14762"" ]",9,33,6,15,B,yes,25,44.66,44.33
203637,203637,Stumbles Creek @ Gravel Pit (203637),PSCIS,"ROAD, RESOURCE/OTHER",CBS,BARRIER,,,356276550,Stumbles Creek,Gravel pit,Stream crossing - CBS,,,Data-deficient barrier,Barrier assessment,,,,,High,Moderate,,,,,,,,In-depth habitat investigation (data deficient structures only),,,,"Good habitat, only RB found. More studies required to understand salmon use and key habitat values.","Embedment present for last 1/5 of outlet. Rearing habitat - good perennial flows, abundant cover, stable creek. Cover - overstream vegetation, undercut, and small woody debries. Spawning habitat - none - mixed cobble, gravel, fines. Overwintering habitat - fair - stream with approximately 3% gradient - fish would need to find low gradient locations to survive water velocities; fed by aquifer - consistent temperature throughout winter.",http://a100.gov.bc.ca/pub/pscismap/imageViewer.do?assessmentId=205310,,ASSESSED,ROUND,gravel pit,Stumbles Creek,"Embedment present for last 1/5 of outlet. Rearing habitat - good perennial flows, abundant cover, stable creek. Cover - overstream vegetation, undercut, and small woody debries. Spawning habitat - none - mixed cobble, gravel, fines. Overwintering habitat - fair - stream with approximately 3% gradient - fish would need to find low gradient locations to survive water velocities; fed by aquifer - consistent temperature throughout winter.",9/26/2024,,,,,,10,651461,5559457,4571,LNIC,Stumbles Creek,203639;197884;197882,3,1011304112;1011304287;203641;203642,4,,,,1.72,0.74,0,0,1.72,0.74,11893,0.82,2,0.41,"[ ""11892"" ]",9,33,6,16,B,11073,0,5,0,"[ ""11072"" ]",,,,,,14763,0.82,2,0.41,"[ ""14762"" ]",9,33,6,15,B,yes,26,45.07,45.07
1011300035,1011300035,Trib 1 to Nicola R @ Petit Cr Rd (11300035),MODELLED CROSSINGS,"ROAD, DEMOGRAPHIC",CBS,POTENTIAL,Petit Creek Rd,,356045543,,,,,,,,,,,,,,,,,,,,,,,,,,,,11300035,,,,,,,,,,,,10,641527,5557030,16.38055453,LNIC,,,0,1011300154;1011305046,2,,,,0.1,0.02,0.1,0.02,0,0,3282,0.07,2,0.035,,20,22,18,17,B,4922,0.07,2,0.035,,12,13,9,10,A,15992,0,3,0,,,,,,,yes,27,45.105,45.09
1011300154,1011300154,Trib 1 to Nicola R @ Hwy 8 (11300154),MODELLED CROSSINGS,"ROAD, DEMOGRAPHIC",CBS,POTENTIAL,Merritt-Spences Bridge Hwy 8,,356045543,,,,,,,,,,,,,,,,,,,,,,,,,,,,11300154,,,,,,,,,,,,10,641537,5557057,45.151255,LNIC,,1011300035,1,1011305046,1,1.95793E+13,,,0.08,0.05,0.08,0.05,0,0,3282,0.07,2,0.035,,20,22,18,17,B,4922,0.07,2,0.035,,12,13,9,10,A,15992,0,3,0,,,,,,,yes,28,45.14,45.14
196968,196968,Murray Cr @ Maka Murray FSR (197968),PSCIS,"ROAD, RESOURCE/OTHER",CBS,BARRIER,,,356346608,Murray Creek,Maka Murray FSR,Stream crossing - CBS,,,Data-deficient barrier,Barrier assessment,,,,,,,,,,,,,,Barrier reassessment,,,,Last assessed 2017 as low quality habitat but with comment that stream provides spawning gravels. Due for reassessment,,http://a100.gov.bc.ca/pub/pscismap/imageViewer.do?assessmentId=197588,11305091,ASSESSED,ROUND,Maka Murray FSR,Murray Creek,Spawning gravel and gravel supply to Murray Lake outlet spawners.  ATV trail croosing approx. 50 m upstream,9/14/2017,,,,,,10,643294,5519072,86,LNIC,,,0,,,,,,0.04,0.04,0,0,0.04,0.04,9842,0.04,1,0.04,,19,20,20,18,B,9022,0,1,0,,,,,,,10662,0.04,1,0.04,,16,17,16,13,B,yes,29,45.18,45.18
1011302097,1011302097,Trib 4 to Coldwater R @ Basscoast pkg lot,MODELLED CROSSINGS,"ROAD, RESOURCE/OTHER",CBS,POTENTIAL,,,356236771,,,,,,,,,,,,,,,,,,,,,,,,,,,,11302097,,,,,,,,,,,,10,658311,5550531,412.6217861,LNIC,,,0,,,2.14916E+13,2.14916E+13,,0.04,0.04,0.04,0.04,0,0,6152,0.04,1,0.04,,19,21,21,19,B,412,0.04,1,0.04,,11,12,12,11,B,7382,0,1,0,,,,,,,yes,30,45.22,45.22
1011300145,1011300145,Lindley Cr @ Shulus Rd (11300145),MODELLED CROSSINGS,"ROAD, DEMOGRAPHIC",CBS,POTENTIAL,Neale Rd S,,356296952,,,,,,,,,,,,,,,,,,,,,,,,,,,,11300145,,,,,,,,,,,,10,652670,5555234,290.1431174,LNIC,Lindley Creek,,0,,,,,,0.02,0.02,0,0,0.02,0.02,3692,0.02,1,0.02,,22,23,23,20,B,4512,0,1,0,,,,,,,5332,0.02,1,0.02,,17,18,17,14,B,yes,31,45.24,45.24
203641,203641,Stumbles Creek @ Private (203641),PSCIS,"ROAD, DEMOGRAPHIC",CBS,POTENTIAL,private driveway,,356276550,Stumbles Creek,Private,Stream crossing - CBS,,,Data-deficient barrier,Barrier assessment,,,,,High,Moderate,,,,,,,,In-depth habitat investigation (data deficient structures only),2/13/2026,,,Scores as potential barrier. Limited spawning substrates but aquifer provides good flows for rearing and overwintering. More study required to understand salmon use and value,,http://a100.gov.bc.ca/pub/pscismap/imageViewer.do?assessmentId=205314,24758913,ASSESSED,ROUND,unknown,Stumbles Creek,"Spawning habitat - 95% fines 5% gravels - not suitable for spawning. Overwintering habitat - ground fed stream form aquifer offers year round temperature stability with perennial flows - moderate to good overwintering. Rearing habitat - abundant cover composed of instream vegetation, overstream vegetation, and undercut banks.  Perennial flows, but stream banks heavily trampled by cows, pugging visible in stream and results in increased sedimentation and erosion.",9/27/2024,,,,,,10,651526,5560160,5307,LNIC,Stumbles Creek,203637;203639;197884;197882,4,1011304112;203642,2,,,,0.97,0.03,0,0,0.97,0.03,11894,0.97,3,0.323333333,"[ ""11892"", ""11893"" ]",10,38,9,21,C,11073,0,5,0,"[ ""11072"" ]",,,,,,14764,0.97,3,0.323333333,"[ ""14762"", ""14763"" ]",10,38,9,17,B,no,32,45.56333333,45.27
203642,203642,Stumbles Creek @ Private (203642),PSCIS,"ROAD, DEMOGRAPHIC",CBS,POTENTIAL,private driveway,,356276550,Stumbles Creek,Private,Stream crossing - CBS,,,Data-deficient barrier,Barrier assessment,,,,,Low,Moderate,,,,,,,,In-depth habitat investigation (data deficient structures only),,,,Scores as potential barrier. Habitat quality upstream unknown but appears low from crossing. More study required to understand salmon use and habitat values.,"Approximately 30m upstream form culvert channel splits into two branches. North branch flows through wetland carrying 20% of flow, South Branch follows road ditch carrying 80% of flow. Confluence of branches at UTM - 10.651476. 5560172. Spawning habitat - no spawning due to lack of suitable substrate. Overwintering habitat - downstream of culvert are steady enough flows for overwintering but upstream are reduced flows, and possibly are suitable only at higher flows; unkown flow regime above culvert. Suspected, but uncertain of aquifer flows. Channel is mis-mapped by TRIM - needs to be verified. Rearing habitat -  stream provides good cover, but upstream N channel flows through wetlands (not preferable habitat for RB). South branch flows along the ditch for at least 50 meters - but unknown source - needs verification. Unknown fish habitat upstream of wetland - stream requires assessment  to determine suitability for RB. Access to property not granted.",http://a100.gov.bc.ca/pub/pscismap/imageViewer.do?assessmentId=205315,,ASSESSED,ROUND,unknown,Stumbles Creek,"Approximately 30m upstream form culvert channel splits into two branches. North branch flows through wetland carrying 20% of flow, South Branch follows road ditch carrying 80% of flow. Confluence of branches at UTM - 10.651476. 5560172. Spawning habitat - no spawning due to lack of suitable substrate. Overwintering habitat - downstream of culvert are steady enough flows for overwintering but upstream are reduced flows, and possibly are suitable only at higher flows; unkown flow regime above culvert. Suspected, but uncertain of aquifer flows. Channel is mis-mapped by TRIM - needs to be verified. Rearing habitat -  stream provides good cover, but upstream N channel flows through wetlands (not preferable habitat for RB). South branch flows along the ditch for at least 50 meters - but unknown source - needs verification. Unknown fish habitat upstream of wetland - stream requires assessment  to determine suitability for RB. Access to property not granted.",9/27/2024,,,,,,10,651504,5560171,5332,LNIC,Stumbles Creek,203641;203637;203639;197884;197882,5,1011304112,1,,,,0.94,0.32,0,0,0.94,0.32,11894,0.97,3,0.323333333,"[ ""11892"", ""11893"" ]",10,38,9,21,C,11073,0,5,0,"[ ""11072"" ]",,,,,,14764,0.97,3,0.323333333,"[ ""14762"", ""14763"" ]",10,38,9,17,B,no,33,45.88666667,45.59
1011304112,1011304112,Stumbles Cr @ private (11304112),MODELLED CROSSINGS,"ROAD, DEMOGRAPHIC",CBS,POTENTIAL,private driveway,,356276550,,,,,,,,,,,,,,,,,,,,,,,,,,,,11304112,,,,,,,,,,,,10,651255,5560330,5655.897205,LNIC,Stumbles Creek,203642;203641;203637;203639;197884;197882,6,,,,,,0.62,0.62,0,0,0.62,0.62,11894,0.97,3,0.323333333,"[ ""11892"", ""11893"" ]",10,38,9,21,C,11073,0,5,0,"[ ""11072"" ]",,,,,,14764,0.97,3,0.323333333,"[ ""14762"", ""14763"" ]",10,38,9,17,B,no,34,46.21,46.21
1011300034,1011300034,Trib 2 to Nicola R @ Petit Cr Rd (11300034),MODELLED CROSSINGS,"ROAD, DEMOGRAPHIC",CBS,POTENTIAL,Petit Creek Rd,,356239765,,,,,,,,,,,,,,,,,,,,,,,,,,,,11300034,,,,,,,,,,,,10,641534,5557020,46.35742739,LNIC,,,0,,,,,,0.01,0.01,0.01,0.01,0,0,412,0.01,1,0.01,,23,25,25,22,C,1642,0.01,1,0.01,,14,14,14,12,B,6562,0,1,0,,,,,,,no,35,46.22,46.22
1011302203,1011302203,Trib 3 to Nicola R @ private (11302203),MODELLED CROSSINGS,"ROAD, RESOURCE/OTHER",CBS,POTENTIAL,,,356361516,,,,,,,,,,,,,,,,,,,,,,,,,,,,11302203,,,,,,,,,,,,10,663483,5556394,216.7853498,LNIC,,,0,1011301346,1,,,,0.01,0,0.01,0,0,0,6562,0.01,2,0.005,,24,26,24,23,C,3282,0.01,2,0.005,,15,16,15,14,B,11892,0,2,0,,,,,,,no,36,46.225,46.22
1011301346,1011301346,Trib 4 to Nicola R @ private (11301346),MODELLED CROSSINGS,"ROAD, RESOURCE/OTHER",CBS,POTENTIAL,,,356361516,,,,,,,,,,,,,,,,,,,,,,,,,,,,11301346,,,,,,,,,,,,10,664080,5557825,2455.326422,LNIC,,1011302203,1,,,,,,0.01,0.01,0.01,0.01,0,0,6562,0.01,2,0.005,,24,26,24,23,C,3282,0.01,2,0.005,,15,16,15,14,B,11892,0,2,0,,,,,,,no,37,46.23,46.23
197689,197689,Chataway Cr @ Skuhun-Chataway Lk FSR,PSCIS,"ROAD, RESOURCE/OTHER",CBS,POTENTIAL,,,356334818,Chataway Cr,Skuhun-Chataway Lk FSR,Stream crossing - CBS,,,Data-deficient barrier,Barrier assessment,,,,,High,,,,,,,,,Habitat confirmation (data deficient structures only),,,,,,http://a100.gov.bc.ca/pub/pscismap/imageViewer.do?assessmentId=198589,11305815,ASSESSED,OVAL,,Chataway Creek,"Excellent overall RB habitat – deep pools for rearing habitat and overwintering habitat. Spawning habitat contains 80% gravels, 20% sands combined with good holding in deep pools. Culvert partially embedded (avg depth 0.1 m).",9/23/2020,,,,,,10,648297,5581849,8853,LNIC,Chataway Creek,6ac0dab8-0785-4e46-ac24-c99d538b05bf;197681,2,,,,,,0.18,0.18,0,0,0.18,0.18,11483,0.18,1,0.18,"[ ""11482"" ]",14,34,16,24,C,14762,0,3,0,,,,,,,12303,0.18,1,0.18,"[ ""12302"" ]",12,34,13,16,B,no,38,46.41,46.41
1011300606,1011300606,Trib 2 to Nicola R @ Hwy 8,MODELLED CROSSINGS,"ROAD, DEMOGRAPHIC",CBS,POTENTIAL,Merritt-Spences Bridge Hwy 8,,356102439,,,,,,,,,,,,,,,,,,,,,,,,,,,,11300606,,,,,,,,,,,,10,640311,5558038,67.36497033,LNIC,,,0,,,2.01483E+13,2.01483E+13,,0.01,0.01,0.01,0.01,0,0,1642,0.01,1,0.01,,23,24,27,25,C,2872,0.01,1,0.01,,14,15,16,13,B,9022,0,1,0,,,,,,,no,39,46.42,46.42
1011305046,1011305046,Trib 1 to Nicola R @ unnamed (11305046),MODELLED CROSSINGS,"ROAD, RESOURCE/OTHER",CBS,POTENTIAL,,,356045543,,,,,,,,,,,,,,,,,,,,,,,,,,,,11305046,,,,,,,,,,,,10,641563,5557103,98.56799468,LNIC,,1011300154;1011300035,2,,,1.95793E+13,1.95793E+13,,0.03,0.03,0.03,0.03,0,0,3283,0.03,1,0.03,"[ ""3282"" ]",21,36,22,26,C,4923,0.03,1,0.03,"[ ""4922"" ]",13,33,13,16,B,15992,0,3,0,,,,,,,no,40,46.45,46.45
1011304287,1011304287,Trib to Stumbles CR @ private (113004287),MODELLED CROSSINGS,"ROAD, DEMOGRAPHIC",CBS,POTENTIAL,private driveway,,356185996,,,,,,,,,,,,,,,,,,,,,,,,,,,,11304287,,,,,,,,,,,,10,651564,5560208,64.20171445,LNIC,,203637;203639;197884;197882,4,,,,,,0.01,0.01,0,0,0.01,0.01,2872,0.01,1,0.01,"[ ""11892"", ""11893"" ]",23,39,26,27,C,4102,0,1,0,"[ ""11072"", ""11073"" ]",,,,,,4922,0.01,1,0.01,"[ ""14762"", ""14763"" ]",18,39,18,18,B,no,41,46.46,46.46
